{
  "run_id": "qwen3_8B_k4",
  "round": 6,
  "model": "Qwen/Qwen3-8B",
  "dense_nll": 2.3843380763134667,
  "dtype": "bfloat16",
  "config": {
    "n_calib_seqs": 32,
    "n_eval_seqs": 32,
    "seq_len": 1024,
    "dtype": "bfloat16",
    "gpu": "NVIDIA GeForce RTX 3090",
    "seed": 42,
    "n_layers": 36,
    "eligible_layers": [
      1,
      2,
      3,
      4,
      5,
      6,
      7,
      8,
      9,
      10,
      11,
      12,
      13,
      14,
      15,
      16,
      17,
      18,
      19,
      20,
      21,
      22,
      23,
      24,
      25,
      26,
      27,
      28,
      29,
      30,
      31,
      32,
      33,
      34
    ],
    "d_model": 4096,
    "params_per_layer": {
      "depth_ar": 4096,
      "depth_ar_ct": 8192,
      "depth_ar1": 1,
      "plain_skip": 0,
      "copy_update": 0
    },
    "diag_ridge": 0.01,
    "n_task_examples": 100,
    "batch_size": 2
  },
  "calib": {
    "corpus": "wikitext-103-raw-v1",
    "split": "train",
    "n_seq": 32,
    "seq_len": 1024
  },
  "eval": {
    "corpus": "wikitext-2-raw-v1",
    "split": "test",
    "n_seq": 32,
    "seq_len": 1024,
    "disjoint_from_calib": true
  },
  "selection": {
    "rules_run": [
      "recovery_top",
      "residual_damage"
    ],
    "min_gap": 2,
    "recovery_top": "argmax recovery_diag_l, excluding recovery < 0",
    "residual_damage": "argmin damage_l * (1 - recovery_diag_l)"
  },
  "layer_scan": {
    "1": {
      "nll_plain_skip": 2.5066980116975226,
      "nll_diag": 2.477827111650058,
      "damage_plain_skip": 0.12235993538405587,
      "recovery_diag": 0.23595059899996107,
      "expected_residual_damage": 0.09348903533659136
    },
    "2": {
      "nll_plain_skip": 2.4016582945932585,
      "nll_diag": 2.4006226502707615,
      "damage_plain_skip": 0.0173202182797918,
      "recovery_diag": 0.05979395327282677,
      "expected_residual_damage": 0.016284573957294768
    },
    "3": {
      "nll_plain_skip": 2.4344605167816105,
      "nll_diag": 2.426739464887776,
      "damage_plain_skip": 0.050122440468143736,
      "recovery_diag": 0.15404381394281697,
      "expected_residual_damage": 0.042401388574309085
    },
    "4": {
      "nll_plain_skip": 2.464000643064936,
      "nll_diag": 2.4449531755691605,
      "damage_plain_skip": 0.07966256675146921,
      "recovery_diag": 0.23910185514357873,
      "expected_residual_damage": 0.06061509925569375
    },
    "5": {
      "nll_plain_skip": 2.496537569694649,
      "nll_diag": 2.4603094026055374,
      "damage_plain_skip": 0.11219949338118207,
      "recovery_diag": 0.32289064769687714,
      "expected_residual_damage": 0.0759713262920707
    },
    "6": {
      "nll_plain_skip": 2.9458453091049854,
      "nll_diag": 3.932953128487828,
      "damage_plain_skip": 0.5615072327915187,
      "recovery_diag": -1.7579610051957149,
      "expected_residual_damage": 1.5486150521743611
    },
    "7": {
      "nll_plain_skip": 2.4481860620736033,
      "nll_diag": 2.4435210794067705,
      "damage_plain_skip": 0.06384798576013662,
      "recovery_diag": 0.07306389718162998,
      "expected_residual_damage": 0.05918300309330382
    },
    "8": {
      "nll_plain_skip": 2.4532864174925497,
      "nll_diag": 2.451563444231839,
      "damage_plain_skip": 0.068948341179083,
      "recovery_diag": 0.024989335946974056,
      "expected_residual_damage": 0.0672253679183723
    },
    "9": {
      "nll_plain_skip": 2.449244252469121,
      "nll_diag": 2.439537019949908,
      "damage_plain_skip": 0.0649061761556542,
      "recovery_diag": 0.14955791719933687,
      "expected_residual_damage": 0.05519894363644129
    },
    "10": {
      "nll_plain_skip": 2.4492797285400587,
      "nll_diag": 2.4297574457839977,
      "damage_plain_skip": 0.06494165222659198,
      "recovery_diag": 0.30061265900572764,
      "expected_residual_damage": 0.045419369470530935
    },
    "11": {
      "nll_plain_skip": 2.4375622963925516,
      "nll_diag": 2.426808074368926,
      "damage_plain_skip": 0.053224220079084894,
      "recovery_diag": 0.20205504200242175,
      "expected_residual_damage": 0.04246999805545926
    },
    "12": {
      "nll_plain_skip": 2.480454225395817,
      "nll_diag": 2.4430418303280956,
      "damage_plain_skip": 0.09611614908235033,
      "recovery_diag": 0.38924151066089074,
      "expected_residual_damage": 0.0587037540146289
    },
    "13": {
      "nll_plain_skip": 2.4452973383960943,
      "nll_diag": 2.4253396280025443,
      "damage_plain_skip": 0.060959262082627585,
      "recovery_diag": 0.327394225450075,
      "expected_residual_damage": 0.0410015516890776
    },
    "14": {
      "nll_plain_skip": 2.4506303378669143,
      "nll_diag": 2.43038490606859,
      "damage_plain_skip": 0.06629226155344758,
      "recovery_diag": 0.30539660774736976,
      "expected_residual_damage": 0.04604682975512331
    },
    "15": {
      "nll_plain_skip": 2.4008436562557316,
      "nll_diag": 2.3938099588013415,
      "damage_plain_skip": 0.01650557994226487,
      "recovery_diag": 0.4261405826995094,
      "expected_residual_damage": 0.009471882487874783
    },
    "16": {
      "nll_plain_skip": 2.405748519068424,
      "nll_diag": 2.4453264544045172,
      "damage_plain_skip": 0.02141044275495707,
      "recovery_diag": -1.848534184419429,
      "expected_residual_damage": 0.06098837809105051
    },
    "17": {
      "nll_plain_skip": 2.3966579479618724,
      "nll_diag": 2.3946791174223714,
      "damage_plain_skip": 0.012319871648405645,
      "recovery_diag": 0.1606210353463442,
      "expected_residual_damage": 0.010341041108904658
    },
    "18": {
      "nll_plain_skip": 2.415265653909057,
      "nll_diag": 2.4043872550926886,
      "damage_plain_skip": 0.030927577595590172,
      "recovery_diag": 0.35173782307216395,
      "expected_residual_damage": 0.020049178779221855
    },
    "19": {
      "nll_plain_skip": 2.4003455273598786,
      "nll_diag": 2.3926211209506656,
      "damage_plain_skip": 0.01600745104641188,
      "recovery_diag": 0.4825506813556343,
      "expected_residual_damage": 0.008283044637198866
    },
    "20": {
      "nll_plain_skip": 2.4099001183166306,
      "nll_diag": 2.401641481415775,
      "damage_plain_skip": 0.02556204200316392,
      "recovery_diag": 0.3230820487593872,
      "expected_residual_damage": 0.01730340510230821
    },
    "21": {
      "nll_plain_skip": 2.4168464415579214,
      "nll_diag": 2.412185775979338,
      "damage_plain_skip": 0.03250836524445466,
      "recovery_diag": 0.1433681928800855,
      "expected_residual_damage": 0.027847699665871417
    },
    "22": {
      "nll_plain_skip": 2.4751275051741093,
      "nll_diag": 2.4566617226923295,
      "damage_plain_skip": 0.09078942886064256,
      "recovery_diag": 0.2033913277516468,
      "expected_residual_damage": 0.0723236463788628
    },
    "23": {
      "nll_plain_skip": 2.4734426633018187,
      "nll_diag": 2.467164089336308,
      "damage_plain_skip": 0.089104586988352,
      "recovery_diag": 0.07046297141056757,
      "expected_residual_damage": 0.08282601302284132
    },
    "24": {
      "nll_plain_skip": 2.5508260807783834,
      "nll_diag": 2.5011847897133976,
      "damage_plain_skip": 0.16648800446491663,
      "recovery_diag": 0.29816737382690195,
      "expected_residual_damage": 0.11684671339993091
    },
    "25": {
      "nll_plain_skip": 2.4545376904172245,
      "nll_diag": 2.43948988193458,
      "damage_plain_skip": 0.07019961410375775,
      "recovery_diag": 0.2143574245351716,
      "expected_residual_damage": 0.055151805621113326
    },
    "26": {
      "nll_plain_skip": 2.4482695036483633,
      "nll_diag": 2.4333463925177368,
      "damage_plain_skip": 0.06393142733489654,
      "recovery_diag": 0.2334237127610761,
      "expected_residual_damage": 0.04900831620427004
    },
    "27": {
      "nll_plain_skip": 2.4869200790345287,
      "nll_diag": 2.4825775014806983,
      "damage_plain_skip": 0.102582002721062,