{
  "run_id": "qwen3_4B_k4_tasks",
  "round": 6,
  "model": "Qwen/Qwen3-4B",
  "dense_nll": 2.7126538523876493,
  "dtype": "bfloat16",
  "config": {
    "n_calib_seqs": 32,
    "n_eval_seqs": 32,
    "seq_len": 1024,
    "dtype": "bfloat16",
    "gpu": "NVIDIA GeForce RTX 3090",
    "seed": 42,
    "n_layers": 36,
    "eligible_layers": [
      1,
      2,
      3,
      4,
      5,
      6,
      7,
      8,
      9,
      10,
      11,
      12,
      13,
      14,
      15,
      16,
      17,
      18,
      19,
      20,
      21,
      22,
      23,
      24,
      25,
      26,
      27,
      28,
      29,
      30,
      31,
      32,
      33,
      34
    ],
    "d_model": 2560,
    "params_per_layer": {
      "depth_ar": 2560,
      "depth_ar_ct": 5120,
      "depth_ar1": 1,
      "plain_skip": 0,
      "copy_update": 0
    },
    "diag_ridge": 0.01,
    "n_task_examples": 300,
    "batch_size": 2
  },
  "calib": {
    "corpus": "wikitext-103-raw-v1",
    "split": "train",
    "n_seq": 32,
    "seq_len": 1024
  },
  "eval": {
    "corpus": "wikitext-2-raw-v1",
    "split": "test",
    "n_seq": 32,
    "seq_len": 1024,
    "disjoint_from_calib": true
  },
  "selection": {
    "rules_run": [
      "recovery_top",
      "residual_damage"
    ],
    "min_gap": 2,
    "recovery_top": "argmax recovery_diag_l, excluding recovery < 0",
    "residual_damage": "argmin damage_l * (1 - recovery_diag_l)"
  },
  "layer_scan": {
    "1": {
      "nll_plain_skip": 3.0247331577925793,
      "nll_diag": 2.8058868780481614,
      "damage_plain_skip": 0.31207930540493,
      "recovery_diag": 0.7012521367299889,
      "expected_residual_damage": 0.09323302566051207
    },
    "2": {
      "nll_plain_skip": 2.768922638710613,
      "nll_diag": 2.762749157217596,
      "damage_plain_skip": 0.05626878632296384,
      "recovery_diag": 0.10971413987114098,
      "expected_residual_damage": 0.05009530482994684
    },
    "3": {
      "nll_plain_skip": 2.8021474546522964,
      "nll_diag": 2.786605530050904,
      "damage_plain_skip": 0.08949360226464709,
      "recovery_diag": 0.17366520296537624,
      "expected_residual_damage": 0.0739516776632545
    },
    "4": {
      "nll_plain_skip": 2.8308677468377352,
      "nll_diag": 2.8007431600235626,
      "damage_plain_skip": 0.1182138944500859,
      "recovery_diag": 0.25483118506760893,
      "expected_residual_damage": 0.08808930763591327
    },
    "5": {
      "nll_plain_skip": 2.8760232626241407,
      "nll_diag": 2.814019116892344,
      "damage_plain_skip": 0.16336941023649132,
      "recovery_diag": 0.37953338781134394,
      "expected_residual_damage": 0.10136526450469452
    },
    "6": {
      "nll_plain_skip": 4.6577759134962555,
      "nll_diag": 4.211179028220594,
      "damage_plain_skip": 1.9451220611086062,
      "recovery_diag": 0.22959838572861957,
      "expected_residual_damage": 1.498525175832945
    },
    "7": {
      "nll_plain_skip": 2.8117929954871217,
      "nll_diag": 2.8085651499283304,
      "damage_plain_skip": 0.09913914309947236,
      "recovery_diag": 0.032558739745738974,
      "expected_residual_damage": 0.09591129754068106
    },
    "8": {
      "nll_plain_skip": 2.80830415313633,
      "nll_diag": 2.7985620086854577,
      "damage_plain_skip": 0.09565030074868064,
      "recovery_diag": 0.10185168655631927,
      "expected_residual_damage": 0.08590815629780835
    },
    "9": {
      "nll_plain_skip": 2.8074974884508666,
      "nll_diag": 2.7964949662594196,
      "damage_plain_skip": 0.09484363606321722,
      "recovery_diag": 0.11600696312521475,
      "expected_residual_damage": 0.08384111387177029
    },
    "10": {
      "nll_plain_skip": 2.7728930529361473,
      "nll_diag": 2.752336309956141,
      "damage_plain_skip": 0.06023920054849796,
      "recovery_diag": 0.34125192221726786,
      "expected_residual_damage": 0.039682457568491536
    },
    "11": {
      "nll_plain_skip": 2.7625278962634705,
      "nll_diag": 2.752559682634515,
      "damage_plain_skip": 0.04987404387582117,
      "recovery_diag": 0.19986776395703865,
      "expected_residual_damage": 0.03990583024686556
    },
    "12": {
      "nll_plain_skip": 2.774984230355006,
      "nll_diag": 2.752745403627895,
      "damage_plain_skip": 0.06233037796735674,
      "recovery_diag": 0.35678953749899844,
      "expected_residual_damage": 0.04009155124024577
    },
    "13": {
      "nll_plain_skip": 2.7445692122929373,
      "nll_diag": 2.728215714639085,
      "damage_plain_skip": 0.03191535990528793,
      "recovery_diag": 0.5124021067718827,
      "expected_residual_damage": 0.015561862251435521
    },
    "14": {
      "nll_plain_skip": 2.75709720717545,
      "nll_diag": 2.7421406423641734,
      "damage_plain_skip": 0.044443354787800704,
      "recovery_diag": 0.3365309590756197,
      "expected_residual_damage": 0.029486789976524097
    },
    "15": {
      "nll_plain_skip": 2.6956303895664258,
      "nll_diag": 2.6921437423717562,
      "damage_plain_skip": -0.01702346282122358,
      "recovery_diag": -0.20481421619593299,
      "expected_residual_damage": -0.02051011001589309
    },
    "16": {
      "nll_plain_skip": 2.714027973940398,
      "nll_diag": 2.696393193674099,
      "damage_plain_skip": 0.0013741215527485195,
      "recovery_diag": 12.833493682582683,
      "expected_residual_damage": -0.016260658713550313
    },
    "17": {
      "nll_plain_skip": 2.698284008968057,
      "nll_diag": 2.6978994002295154,
      "damage_plain_skip": -0.014369843419592243,
      "recovery_diag": -0.02676499160856194,
      "expected_residual_damage": -0.014754452158133978
    },
    "18": {
      "nll_plain_skip": 2.773419227334407,
      "nll_diag": 2.771109692689913,
      "damage_plain_skip": 0.0607653749467576,
      "recovery_diag": 0.03800741205855329,
      "expected_residual_damage": 0.058455840302263695
    },
    "19": {
      "nll_plain_skip": 2.6724028827947,
      "nll_diag": 2.667326150582883,
      "damage_plain_skip": -0.04025096959294938,
      "recovery_diag": -0.12612695453443412,
      "expected_residual_damage": -0.045327701804766196
    },
    "20": {
      "nll_plain_skip": 2.700030312524178,
      "nll_diag": 2.690629321406868,
      "damage_plain_skip": -0.012623539863471311,
      "recovery_diag": -0.7447190898104157,
      "expected_residual_damage": -0.022024530980781165
    },
    "21": {
      "nll_plain_skip": 2.7268567487968887,
      "nll_diag": 2.7230043420526795,
      "damage_plain_skip": 0.01420289640923933,
      "recovery_diag": 0.2712409239078224,
      "expected_residual_damage": 0.01035048966503016
    },
    "22": {
      "nll_plain_skip": 2.8090671282708377,
      "nll_diag": 2.785159041777385,
      "damage_plain_skip": 0.09641327588318838,
      "recovery_diag": 0.2479750457024119,
      "expected_residual_damage": 0.07250518938973549
    },
    "23": {
      "nll_plain_skip": 2.837921771304782,
      "nll_diag": 2.7897281237443456,
      "damage_plain_skip": 0.12526791891713263,
      "recovery_diag": 0.3847245805393912,
      "expected_residual_damage": 0.07707427135669631
    },
    "24": {
      "nll_plain_skip": 2.877124745582792,
      "nll_diag": 2.818761048279534,
      "damage_plain_skip": 0.16447089319514285,
      "recovery_diag": 0.3548573013099061,
      "expected_residual_damage": 0.10610719589188466
    },
    "25": {
      "nll_plain_skip": 2.7976182103164366,
      "nll_diag": 2.7711041050001626,
      "damage_plain_skip": 0.08496435792878732,
      "recovery_diag": 0.3120615039367073,
      "expected_residual_damage": 0.05845025261251324
    },
    "26": {
      "nll_plain_skip": 2.751879944085956,
      "nll_diag": 2.732536700515633,
      "damage_plain_skip": 0.03922609169830649,
      "recovery_diag": 0.49312186692200577,
      "expected_residual_damage": 0.0198828481279838
    },
    "27": {
      "nll_plain_skip": 2.7823558936747372,
      "nll_diag": 2.7654653550063117,
      "damage_plain_skip": 0.0697020412870879,