{
  "run_id": "r3_verify_1.5b",
  "round": 3,
  "model": "Qwen/Qwen2.5-1.5B",
  "config": {
    "n_calib_seqs": 32,
    "n_eval_seqs": 32,
    "seq_len": 1024,
    "dtype": "bfloat16",
    "gpu": "NVIDIA GeForce RTX 3090",
    "seed": 42,
    "n_layers": 28,
    "eligible_layers": [
      1,
      2,
      3,
      4,
      5,
      6,
      7,
      8,
      9,
      10,
      11,
      12,
      13,
      14,
      15,
      16,
      17,
      18,
      19,
      20,
      21,
      22,
      23,
      24,
      25,
      26
    ],
    "d_model": 1536,
    "params_per_layer": {
      "depth_ar": 1536,
      "depth_ar1": 1,
      "plain_skip": 0,
      "copy_update": 0
    },
    "diag_ridge": 0.01,
    "n_task_examples": 300
  },
  "calib": {
    "corpus": "wikitext-103-raw-v1",
    "split": "train",
    "n_seq": 32,
    "seq_len": 1024
  },
  "eval": {
    "corpus": "wikitext-2-raw-v1",
    "split": "test",
    "n_seq": 32,
    "seq_len": 1024,
    "disjoint_from_calib": true
  },
  "selection": {
    "rules_run": [
      "recovery_top",
      "residual_damage"
    ],
    "min_gap": 2,
    "recovery_top": "argmax recovery_diag_l, excluding recovery < 0",
    "residual_damage": "argmin damage_l * (1 - recovery_diag_l)"
  },
  "layer_scan": {
    "1": {
      "nll_plain_skip": 5.7399805202303265,
      "nll_diag": 3.2041157894862,
      "damage_plain_skip": 3.410212809316246,
      "recovery_diag": 0.7436089395408061,
      "expected_residual_damage": 0.8743480785721192
    },
    "2": {
      "nll_plain_skip": 2.5397021499553722,
      "nll_diag": 2.870034526847714,
      "damage_plain_skip": 0.20993443904129183,
      "recovery_diag": -1.5735025582313762,
      "expected_residual_damage": 0.5402668159336335
    },
    "3": {
      "nll_plain_skip": 2.5125926046031766,
      "nll_diag": 2.509615159277396,
      "damage_plain_skip": 0.18282489368909616,
      "recovery_diag": 0.016285776327834345,
      "expected_residual_damage": 0.17984744836331545
    },
    "4": {
      "nll_plain_skip": 2.5077088385698274,
      "nll_diag": 2.506961149751562,
      "damage_plain_skip": 0.177941127655747,
      "recovery_diag": 0.004201888726433789,
      "expected_residual_damage": 0.1771934388374814
    },
    "5": {
      "nll_plain_skip": 2.531433202841156,
      "nll_diag": 2.513757042015249,
      "damage_plain_skip": 0.20166549192707572,
      "recovery_diag": 0.08765089484074418,
      "expected_residual_damage": 0.18398933110116866
    },
    "6": {
      "nll_plain_skip": 2.455561740120761,
      "nll_diag": 2.4516125580529353,
      "damage_plain_skip": 0.1257940292066806,
      "recovery_diag": 0.031394034301398754,
      "expected_residual_damage": 0.1218448471388549
    },
    "7": {
      "nll_plain_skip": 2.509133839016787,
      "nll_diag": 2.4826605890121174,
      "damage_plain_skip": 0.17936612810270658,
      "recovery_diag": 0.147593362719581,
      "expected_residual_damage": 0.15289287809803698
    },
    "8": {
      "nll_plain_skip": 2.47767122337602,
      "nll_diag": 2.4731288118170025,
      "damage_plain_skip": 0.14790351246193945,
      "recovery_diag": 0.030711992456475823,
      "expected_residual_damage": 0.1433611009029221
    },
    "9": {
      "nll_plain_skip": 2.420141940548707,
      "nll_diag": 2.4177696443407823,
      "damage_plain_skip": 0.0903742296346266,
      "recovery_diag": 0.026249697701608232,
      "expected_residual_damage": 0.08800193342670193
    },
    "10": {
      "nll_plain_skip": 2.4140100249497185,
      "nll_diag": 2.4079563892876017,
      "damage_plain_skip": 0.08424231403563809,
      "recovery_diag": 0.07185979791053532,
      "expected_residual_damage": 0.07818867837352128
    },
    "11": {
      "nll_plain_skip": 2.4532206626043447,
      "nll_diag": 2.4421643169704184,
      "damage_plain_skip": 0.12345295169026427,
      "recovery_diag": 0.08955918414705877,
      "expected_residual_damage": 0.11239660605633794
    },
    "12": {
      "nll_plain_skip": 2.4044887436751683,
      "nll_diag": 2.4005596292079683,
      "damage_plain_skip": 0.07472103276108788,
      "recovery_diag": 0.052583781594171985,
      "expected_residual_damage": 0.07079191829388787
    },
    "13": {
      "nll_plain_skip": 2.4363293157635697,
      "nll_diag": 2.4266788970604174,
      "damage_plain_skip": 0.10656160484948929,
      "recovery_diag": 0.0905618746713025,
      "expected_residual_damage": 0.09691118614633698
    },
    "14": {
      "nll_plain_skip": 2.3815183992741105,
      "nll_diag": 2.38002796608831,
      "damage_plain_skip": 0.05175068836003005,
      "recovery_diag": 0.028800258180753047,
      "expected_residual_damage": 0.050260255174229496
    },
    "15": {
      "nll_plain_skip": 2.402110277006984,
      "nll_diag": 2.3936835597990362,
      "damage_plain_skip": 0.07234256609290357,
      "recovery_diag": 0.11648352640858783,
      "expected_residual_damage": 0.06391584888495583
    },
    "16": {
      "nll_plain_skip": 2.400774512138508,
      "nll_diag": 2.3963929204070658,
      "damage_plain_skip": 0.07100680122442737,
      "recovery_diag": 0.06170664860107378,
      "expected_residual_damage": 0.06662520949298534
    },
    "17": {
      "nll_plain_skip": 2.43859995864093,
      "nll_diag": 2.435910526075812,
      "damage_plain_skip": 0.10883224772684974,
      "recovery_diag": 0.02471172489121165,
      "expected_residual_damage": 0.10614281516173163
    },
    "18": {
      "nll_plain_skip": 2.42812547449534,
      "nll_diag": 2.429167857438868,
      "damage_plain_skip": 0.09835776358125958,
      "recovery_diag": -0.010597871541343062,
      "expected_residual_damage": 0.09940014652478757
    },
    "19": {
      "nll_plain_skip": 2.496079178935756,
      "nll_diag": 2.4912910190999855,
      "damage_plain_skip": 0.1663114680216755,
      "recovery_diag": 0.028790316703514174,
      "expected_residual_damage": 0.1615233081859051
    },
    "20": {
      "nll_plain_skip": 2.4594955512521293,
      "nll_diag": 2.4586880468852432,
      "damage_plain_skip": 0.12972784033804885,
      "recovery_diag": 0.00622460348358389,
      "expected_residual_damage": 0.1289203359711628
    },
    "21": {
      "nll_plain_skip": 2.6186315660157993,
      "nll_diag": 2.575140756073489,
      "damage_plain_skip": 0.28886385510171886,
      "recovery_diag": 0.1505581580187516,
      "expected_residual_damage": 0.2453730451594085
    },
    "22": {
      "nll_plain_skip": 2.596493462515639,
      "nll_diag": 2.6018142365555565,
      "damage_plain_skip": 0.2667257516015584,
      "recovery_diag": -0.01994848269418692,
      "expected_residual_damage": 0.27204652564147613
    },
    "23": {
      "nll_plain_skip": 2.6096112453254583,
      "nll_diag": 2.578317372290766,
      "damage_plain_skip": 0.2798435344113779,
      "recovery_diag": 0.11182632144964788,
      "expected_residual_damage": 0.24854966137668555
    },
    "24": {
      "nll_plain_skip": 2.5910737396036057,
      "nll_diag": 2.5390107383568323,
      "damage_plain_skip": 0.26130602868952524,
      "recovery_diag": 0.19924148519601426,
      "expected_residual_damage": 0.20924302744275192
    },
    "25": {
      "nll_plain_skip": 2.8731704415437944,
      "nll_diag": 2.8329100068445277,
      "damage_plain_skip": 0.543402730629714,
      "recovery_diag": 0.07408949648193996,
      "expected_residual_damage": 0.5031422959304472
    },
    "26": {
      "nll_plain_skip": 2.715820669147191,
      "nll_diag": 2.5723652978784903,
      "damage_plain_skip": 0.3860529582331105,
      "recovery_diag": 0.3715950576451168,
      "expected_residual_damage": 0.24259758696440992
    }
  },
  "runs": {
    "recovery_top_k2": {
      "selection": "recovery_top",
      "k": 2,
      "skipped_layers": [
        1,
        26
      ],
      "layers_identical_across_methods": true,
      "min_gap_ok": true,
      "frac_blocks_skipped": 0.07142857142857142,
      "methods": {
        "dense": {
          "wikitext2_nll": 2.3297677109140804,